<Workflow xmlns="urn:wexflow-schema" id="94" name="Workflow_Ping1" description="Workflow_Ping1">
	<Settings>
		<Setting name="launchType" value="trigger" /> <!-- startup|trigger|periodic -->
		<Setting name="enabled" value="true" /> <!-- true|false -->
	</Settings>
	<Tasks>
		<Task id="99" name="Ping" description="Pinging the server..." enabled="true">
			<Setting name="server" value="google.com" />
		</Task>
		<Task id="1" name="Wait" description="Waiting for 1 seconds..." enabled="true">
			<Setting name="duration" value="00.00:00:01" />
		</Task>
		<Task id="2" name="Wait" description="Waiting for 2 seconds..." enabled="true">
			<Setting name="duration" value="00.00:00:02" />
		</Task>
	</Tasks>
	<ExecutionGraph>
		<If id="100" parent="-1" if="99">
			<Do>
				<Task id="1"><Parent id="-1" /></Task>
			</Do>
			<Else>
				<Task id="2"><Parent id="-1" /></Task>
			</Else>
		</If>
	</ExecutionGraph>
</Workflow>