{
	"CsvToJson": [ "selectFiles", "separator" ],
	"CsvToSql": [ "selectFiles", "tableName", "separator" ],
	"CsvToXml": [ "selectFiles" ],
	"CsvToYaml": [ "selectFiles", "separator" ],
	"DatabaseBackup": [ "serverConnection", "databaseName", "backupFilePath", "overwrite" ],
	"DatabaseRestore": [ "serverConnection", "databaseName", "backupFilePath" ],
	"ExecCs": [ "selectFiles" ],
	"ExecVb": [ "selectFiles" ],
	"FileExists": [ "file" ],
	"FileMatch": [ "dir", "pattern", "recurssive" ],
	"FilesConcat": [ "selectFiles" ],
	"FilesCopier": [ "selectFiles", "destFolder", "overwrite" ],
	"FilesDecryptor": [ "selectFiles" ],
	"FilesDiff": [ "oldFile", "newFile" ],
	"FilesEncryptor": [ "selectFiles" ],
	"FilesEqual": [ "file1", "file2" ],
	"FilesExist": [ "file", "folder" ],
	"FilesInfo": [ "selectFiles" ],
	"FilesLoader": [ "file", "folder", "regexPattern", "recursive" ],
	"FilesMover": [ "selectFiles", "destFolder", "overwrite" ],
	"FilesRemover": [ "selectFiles" ],
	"FilesRenamer": [ "selectFiles", "overwrite" ],
	"FilesSplitter": [ "selectFiles", "chunkSize" ],
	"Ftp": [ "selectFiles", "command", "protocol", "encryption", "server", "port", "user", "password", "privateKeyPath", "passphrase", "path", "retryCount", "retryTimeout" ],
	"Guid": [ "guidCount" ],
	"HtmlToPdf": ["selectFiles"],
	"HtmlToText": ["selectFiles"],
	"Http": [ "url" ],
	"HttpDelete": [ "url", "params" ],
	"HttpGet": [ "url" ],
	"HttpPatch": [ "url", "params" ],
	"HttpPost": [ "url", "params" ],
	"HttpPut": [ "url", "params" ],
	"ImagesConcat": [ "selectFiles" ],
	"ImagesCropper": [ "selectFiles", "width", "height", "x", "y" ],
	"ImagesOverlay": [ "selectFiles" ],
	"ImagesResizer": [ "selectFiles", "width", "height" ],
	"ImagesTransformer": [ "selectFiles", "outputFilePattern", "outputFormat" ],
	"IsoCreator": [ "srcDir", "volumeIdentifier", "isoFileName" ],
	"IsoExtractor": [ "selectFiles", "destDir" ],
	"JsonToYaml": ["selectFiles"],
	"ListEntities": [ ],
	"ListFiles": [ ],
	"MailsReceiver": [ "host", "port", "enableSsl", "user", "password", "messageCount", "deleteMessages" ],
	"MailsSender": [ "selectFiles", "selectAttachments", "host", "port", "enableSsl", "user", "password" ],
	"Md5": [ "selectFiles" ],
	"MediaInfo": [ "selectFiles" ],
	"Mkdir": [ "folder" ],
	"Movedir": [ "folder", "destinationFolder", "overwrite" ],
	"Now": [ "culture", "format" ],
	"Ping": [ "server" ],
	"ProcessInfo": [ "processName" ],
	"ProcessKiller": [ "processName" ],
	"ProcessLauncher": [ "selectFiles", "processPath", "processCmd", "hideGui", "generatesFiles" ],
	"Rmdir": [ "folder" ],
	"ScssToCss": [ "selectFiles" ],
	"SevenZip": [ "selectFiles", "zipFileName" ],
	"Sha1": [ "selectFiles" ],
	"Sha256": [ "selectFiles" ],
	"Sha512": [ "selectFiles" ],
	"SpeechToText": [ "selectFiles" ],
	"Sql": [ "selectFiles", "type", "connectionString", "sql" ],
	"SqlToCsv": [ "selectFiles", "type", "connectionString", "sql" ],
	"SqlToXml": [ "selectFiles", "type", "connectionString", "sql" ],
	"Sync": [ "srcFolder", "destFolder" ],
	"Tar": [ "selectFiles", "zipFileName" ],
	"TextsDecryptor": [ "selectFiles" ],
	"TextsEncryptor": [ "selectFiles" ],
	"TextToPdf": [ "selectFiles" ],
	"TextToSpeech": [ "selectFiles" ],
	"Tgz": [ "selectFiles", "tgzFileName" ],
	"Torrent": [ "selectFiles", "saveFolder" ],
	"Touch": [ "file" ],
	"Twitter": [ "selectFiles", "consumerKey", "consumerSecret", "accessToken", "accessTokenSecret" ],
	"UglifyCss": [ "selectFiles" ],
	"UglifyHtml": [ "selectFiles" ],
	"UglifyJs": [ "selectFiles" ],
	"Unrar": ["selectFiles", "destDir"],
	"UnSevenZip": ["selectFiles", "destDir"],
	"Untar": ["selectFiles", "destDir"],
	"Untgz": [ "selectFiles", "destDir" ],
	"Unzip": [ "selectFiles", "destDir", "password" ],
	"Wait": [ "duration" ],
	"WebToHtml": [ "url" ],
	"WebToScreenshot": [ "url" ],
	"Wmi": [ "query" ],
	"Workflow": [ "wexflowWebServiceUri", "action", "id" ],
	"XmlToCsv": [ "selectFiles" ],
	"Xslt": [ "selectFiles", "xsltPath", "version", "removeWexflowProcessingNodes" ],
	"YamlToJson": [ "selectFiles" ],
	"Zip": [ "selectFiles", "zipFileName" ]
}