<?xml version="1.0" encoding="UTF-8" ?>
<Wexflow>
  <Setting name="workflowsFolder" value="C:\Wexflow-dotnet-core\Workflows" />
  <Setting name="trashFolder" value="C:\Wexflow-dotnet-core\Trash" />
  <Setting name="tempFolder" value="C:\Wexflow-dotnet-core\Temp" />
  <Setting name="xsd" value="C:\Wexflow-dotnet-core\Workflow.xsd" />
  <Setting name="tasksNamesFile" value="C:\Wexflow-dotnet-core\TasksNames.json" />
  <Setting name="tasksSettingsFile" value="C:\Wexflow-dotnet-core\TasksSettings.json" />
  <Setting name="connectionString" value="C:\Wexflow-dotnet-core\Database\Wexflow-dotnet-core.db" />
  <Setting name="globalVariablesFile" value="C:\Wexflow-dotnet-core\GlobalVariables.xml" />
</Wexflow>
